"Campaign name",Day,"Delivery status","Delivery level",Reach,"Amount spent (RON)","3-second video plays rate per impressions","Purchase ROAS (return on ad spend)",Purchases,"Purchases conversion value","CONVERSII LPV","CPM (cost per 1,000 impressions)","CPC (cost per link click)","CTR (link click-through rate)",Views,Frequency,"Result Type","Cost per result",Impressions,"Link clicks","Clicks (all)","Ad set name","Checkouts initiated","Checkouts initiated conversion value","Reporting starts","Reporting ends"
"NOVALIFT MASTER",2026-01-04,active,campaign,69522,835.99,21.10973342,5.43323485,50,4542.13,0.07598784,8.93590867,0.69840434,1.27947496,83230,1.34567475,"Website purchases",16.7198,93554,1197,2729,,67,,2026-01-04,2026-01-04
"NOVALIFT MASTER",2026-01-11,active,campaign,41034,834.1,22.14830533,4.66786956,41,3893.47,0.11549296,15.94502112,1.39481605,1.14316301,49104,1.27482088,"Website purchases",20.34390244,52311,598,1361,,56,,2026-01-11,2026-01-11
"NOVALIFT MASTER",2026-01-18,active,campaign,30026,833.21,18.84054281,4.33421346,39,3611.31,0.10209424,21.2136874,1.33741573,1.58617002,37494,1.30809965,"Website purchases",21.36435897,39277,623,1255,,55,,2026-01-18,2026-01-18
"NOVALIFT MASTER",2026-01-25,active,campaign,28854,807.15,18.54212654,4.47104008,41,3608.8,0.08436214,20.0190977,1.42354497,1.40628488,39401,1.39734526,"Website purchases",19.68658537,40319,567,1079,,54,360,2026-01-25,2026-01-25
"NOVALIFT ABO 10.11 UGC NOU",2026-01-18,active,campaign,43176,801.75,31.7209681,7.78334892,69,6240.3,0.06558935,13.59797154,0.66756869,2.03693967,60018,1.36559663,"Website purchases",11.61956522,58961,1201,2500,,91,,2026-01-18,2026-01-18
"NOVALIFT MASTER",2026-01-26,active,campaign,26360,733.02,19.61900403,4.23453657,36,3104,0.10650888,20.96679157,1.5239501,1.37581877,33652,1.32628983,"Website purchases",20.36166667,34961,481,883,,43,,2026-01-26,2026-01-26
"NOVALIFT MASTER",2026-01-13,active,campaign,30822,727.33,18.43079947,4.62260597,36,3362.16,0.08333333,18.32573257,1.32241818,1.3857744,36421,1.28768412,"Website purchases",20.20361111,39689,550,1028,,41,,2026-01-13,2026-01-13
"NOVALIFT ABO 10.11 UGC NOU",2026-01-25,active,campaign,58399,726.86,27.02037896,5.14295738,42,3738.21,0.05607477,10.83588008,0.83451206,1.29846897,67648,1.14863268,"Website purchases",17.30619048,67079,871,1847,,56,,2026-01-25,2026-01-25
"NOVALIFT MASTER",2026-01-06,active,campaign,42583,717.43,19.75908046,5.16454567,39,3705.2,0.06701031,13.19411494,1.03674855,1.27264368,48382,1.27691802,"Website purchases",18.39564103,54375,692,1530,,49,,2026-01-06,2026-01-06
"NOVALIFT MASTER",2026-01-19,active,campaign,24164,703.79,15.90997053,4.38723199,34,3087.69,0.09418283,20.95299056,1.40758,1.48858257,32949,1.39004304,"Website purchases",20.69970588,33589,500,989,,39,,2026-01-19,2026-01-19
"NOVALIFT MASTER",2026-01-22,active,campaign,24405,703.68,13.46283216,3.04799056,23,2144.81,0.0547619,19.72418433,1.32022514,1.49400157,35208,1.46183159,"Website purchases",30.59478261,35676,533,1045,,34,,2026-01-22,2026-01-22
"NOVALIFT MASTER",2026-01-23,active,campaign,22109,703.65,15.65387847,5.04395651,38,3549.18,0.09290954,21.89396061,1.3851378,1.58063412,31780,1.4536614,"Website purchases",18.51710526,32139,508,918,,43,,2026-01-23,2026-01-23
"NOVALIFT MASTER",2026-01-14,active,campaign,25697,703.46,16.07703158,3.50835868,26,2467.99,0.05909091,20.24986327,1.23630931,1.63792855,32063,1.35186987,"Website purchases",27.05615385,34739,569,1033,,31,,2026-01-14,2026-01-14
"NOVALIFT MASTER",2026-01-05,active,campaign,43258,703.29,18.78413313,5.87214378,42,4129.82,0.05874126,12.04036911,0.80376,1.49800551,50565,1.35029359,"Website purchases",16.745,58411,875,1853,,53,,2026-01-05,2026-01-05
"NOVALIFT MASTER",2026-01-15,active,campaign,29614,701.03,18.5526942,4.18728157,31,2935.41,0.07808564,18.53497964,1.41908907,1.30611813,35476,1.27716621,"Website purchases",22.61387097,37822,494,1005,,38,,2026-01-15,2026-01-15
"NOVALIFT MASTER",2026-01-24,active,campaign,26896,700.93,17.62911811,4.76643887,36,3340.94,0.08866995,20.16774565,1.46945493,1.37246439,34012,1.29219958,"Website purchases",19.47027778,34755,477,943,,45,,2026-01-24,2026-01-24
"NOVALIFT MASTER",2026-01-21,active,campaign,25173,700.9,14.32686981,5.07466115,36,3556.83,0.07894737,19.41551247,1.27668488,1.52077562,33482,1.43407619,"Website purchases",19.46944444,36100,549,1158,,43,,2026-01-21,2026-01-21
"NOVALIFT MASTER",2026-01-07,active,campaign,39388,700.76,18.25601701,5.38787887,39,3775.61,0.06220096,13.30119201,0.95082768,1.39890669,47412,1.33756474,"Website purchases",17.96820513,52684,737,1538,,46,,2026-01-07,2026-01-07
"NOVALIFT MASTER",2026-01-12,active,campaign,33953,700.49,20.78001939,4.54153521,33,3181.3,0.08148148,16.56748894,1.43543033,1.15418273,38204,1.24528024,"Website purchases",21.2269697,42281,488,1015,,47,,2026-01-12,2026-01-12
"NOVALIFT MASTER",2026-01-08,active,campaign,31193,698.68,17.50563306,4.00095895,30,2795.39,0.06726457,16.74768685,1.28198165,1.30639053,37714,1.33741545,"Website purchases",23.28933333,41718,545,1145,,31,,2026-01-08,2026-01-08
"NOVALIFT MASTER",2026-01-10,active,campaign,29764,698.28,19.68827795,4.00842069,30,2799,0.06521739,18.89490205,1.29311111,1.4611971,33902,1.24163419,"Website purchases",23.276,36956,540,1027,,40,,2026-01-10,2026-01-10
"NOVALIFT MASTER",2026-01-17,active,campaign,28026,693.69,20.90361805,6.02727443,44,4181.06,0.10161663,20.67383918,1.36017647,1.51993801,31715,1.19724541,"Website purchases",15.76568182,33554,510,1009,,50,,2026-01-17,2026-01-17
"NOVALIFT MASTER",2026-01-20,active,campaign,24579,692.85,15.11648224,4.52592913,33,3135.79,0.09620991,20.17617938,1.31971429,1.52882935,33176,1.39712763,"Website purchases",20.99545455,34340,525,1046,,40,,2026-01-20,2026-01-20
"NOVALIFT MASTER",2026-01-09,active,campaign,29956,685.57,18.37957601,4.2848141,31,2937.54,0.07560976,17.26093962,1.39343496,1.23873307,35934,1.32587795,"Website purchases",22.11516129,39718,492,1024,,40,,2026-01-09,2026-01-09
"NOVALIFT MASTER",2026-01-16,active,campaign,29266,679.24,18.07680051,3.15308286,23,2141.7,0.05867347,18.03802847,1.44519149,1.24814107,35967,1.28668079,"Website purchases",29.53217391,37656,470,923,,30,,2026-01-16,2026-01-16
"NOVALIFT ABO 10.11 UGC NOU",2026-01-26,active,campaign,51913,676.32,27.04664942,3.48015732,26,2353.7,0.04667864,11.28799132,0.8852356,1.27513978,59998,1.15414251,"Website purchases",26.01230769,59915,764,1571,,33,,2026-01-26,2026-01-26
"NOVALIFT ABO 10.11 UGC NOU",2026-01-22,active,campaign,47367,669.31,28.35436144,5.74875618,42,3847.7,0.05675676,12.15049469,0.77287529,1.57211582,55801,1.16294044,"Website purchases",15.93595238,55085,866,1795,,55,,2026-01-22,2026-01-22
"NOVALIFT ABO 10.11 UGC NOU",2026-01-21,active,campaign,53009,639.6,28.65905802,6.48520951,44,4147.94,0.06119611,10.51835285,0.78,1.34850678,61120,1.14712596,"Website purchases",14.53636364,60808,820,1886,,51,,2026-01-21,2026-01-21
"NOVALIFT ABO 10.11 UGC NOU",2026-01-24,active,campaign,48173,638.79,26.98201678,7.02443683,49,4487.14,0.07424242,11.47602537,0.8339295,1.37613855,56159,1.15548129,"Website purchases",13.03653061,55663,766,1649,,59,,2026-01-24,2026-01-24
"NOVALIFT ABO 10.11 UGC NOU",2026-01-19,active,campaign,41177,636.69,29.52317291,5.02992037,37,3202.5,0.05174825,12.89681575,0.78313653,1.64681575,50011,1.19892173,"Website purchases",17.20783784,49368,813,1780,,44,,2026-01-19,2026-01-19
"NOVALIFT ABO 10.11 UGC NOU",2026-01-20,active,campaign,46447,633.38,28.82464541,5.83946446,41,3698.6,0.05766526,11.44421357,0.77620098,1.47438793,55899,1.19157319,"Website purchases",15.44829268,55345,816,1874,,49,,2026-01-20,2026-01-20
"NOVALIFT ABO 10.11 UGC NOU",2026-01-23,active,campaign,43507,631.59,28.85306044,3.84822432,28,2430.5,0.04334365,12.19521143,0.83433289,1.46167214,52201,1.19038316,"Website purchases",22.55678571,51790,757,1662,,41,,2026-01-23,2026-01-23
"NOVALIFT ABO 10.11 UGC NOU",2026-01-17,active,campaign,22225,566.8,31.76793912,7.08045166,41,4013.2,0.05907781,17.11766127,0.69546012,2.46134332,33846,1.48985377,"Website purchases",13.82439024,33112,815,1641,,48,,2026-01-17,2026-01-17
"NOVALIFT MASTER",2026-01-27,active,campaign,17667,564.98,15.78250982,3.59995044,21,2033.9,0.09090909,23.3607608,1.48678947,1.57122183,22397,1.36893644,"Website purchases",26.90380952,24185,380,692,,30,114,2026-01-27,2026-01-27
"NOVALIFT ABO 10.11 UGC NOU",2026-01-27,active,campaign,33592,498.16,26.72519984,3.35574916,18,1671.7,0.04368932,13.05621806,0.9748728,1.33927401,37088,1.13583591,"Website purchases",27.67555556,38155,511,1021,,23,,2026-01-27,2026-01-27
"ODORSTOP ABO",2026-01-05,active,campaign,47681,485.28,22.42620062,5.10076657,29,2475.3,0.04277286,7.91893083,0.59036496,1.34136192,58960,1.28522892,"Website purchases",16.7337931,61281,822,1906,,37,,2026-01-05,2026-01-05
"ODORSTOP ABO",2026-01-06,active,campaign,30258,440.52,20.49464854,6.47212385,33,2851.1,0.06457926,10.61903384,0.7317608,1.45116189,40702,1.37100932,"Website purchases",13.34909091,41484,602,1255,,44,,2026-01-06,2026-01-06
"ODORSTOP ABO",2026-01-27,active,campaign,24882,434.26,19.21666149,5.10155207,29,2215.4,0.06651376,13.49891203,0.86852,1.55424308,30263,1.2929025,"Website purchases",14.97448276,32170,500,925,,35,,2026-01-27,2026-01-27
"ODORSTOP ABO",2026-01-07,active,campaign,32915,408.49,18.21552829,4.80085192,23,1961.1,0.05168539,9.3501648,0.78859073,1.18568028,42623,1.32729758,"Website purchases",17.76043478,43688,518,1092,,27,,2026-01-07,2026-01-07
"ODORSTOP ABO",2026-01-11,active,campaign,23363,389.61,17.37026425,3.85873053,16,1503.4,0.05298013,12.40401146,1.07035714,1.1588666,30934,1.34443351,"Website purchases",24.350625,31410,364,694,,19,,2026-01-11,2026-01-11
"ODORSTOP ABO",2026-01-08,active,campaign,28927,386.06,18.36292539,4.13355437,19,1595.8,0.0521978,10.20027478,0.90412178,1.128197,36734,1.308397,"Website purchases",20.31894737,37848,427,905,,27,,2026-01-08,2026-01-08
"ODORSTOP ABO",2026-01-09,active,campaign,22265,360.19,17.89271361,3.3635026,13,1211.5,0.04513889,12.58745413,1.02911429,1.22313472,28204,1.28520099,"Website purchases",27.70692308,28615,350,651,,16,,2026-01-09,2026-01-09
"ODORSTOP ABO",2026-01-10,active,campaign,19428,355.45,16.94465504,5.7515825,25,2044.4,0.08389262,13.4742229,1.04237537,1.29264594,25723,1.35783405,"Website purchases",14.218,26380,341,671,,30,,2026-01-10,2026-01-10
"TURMIDENT - CBO - DECEMBRIE",2026-01-27,active,campaign,12260,312.4,23.83457021,7.84763124,23,2451.6,0.07348243,22.50882628,0.86060606,2.61546221,13984,1.13205546,"Website purchases",13.5826087,13879,363,759,,24,,2026-01-27,2026-01-27
"TURMIDENT - CBO - DECEMBRIE",2026-01-04,active,campaign,14493,261.75,26.01084951,3.23094556,9,845.7,0.02743902,14.63844304,0.69614362,2.10279067,17960,1.23376803,"Website purchases",29.08333333,17881,376,768,,12,,2026-01-04,2026-01-04
"TURMIDENT ABO",2026-01-27,active,campaign,9514,253.85,,3.86661414,9,981.54,0.04090909,21.80279997,1.0154,2.14721292,11635,1.22377549,"Website purchases",28.20555556,11643,250,497,,12,,2026-01-27,2026-01-27
"TURMIDENT - CBO - DECEMBRIE",2026-01-07,active,campaign,8129,250.74,15.61911931,6.35997448,15,1594.7,0.08108108,23.59239744,1.24746269,1.89123071,10708,1.30741789,"Website purchases",16.716,10628,201,483,,17,,2026-01-07,2026-01-07
"TURMIDENT - CBO - DECEMBRIE",2026-01-06,active,campaign,9414,249.3,14.97982659,6.4368231,15,1604.7,0.06072874,21.40097862,0.89354839,2.39505537,11851,1.23741236,"Website purchases",16.62,11649,279,614,,23,,2026-01-06,2026-01-06
"TURMIDENT - CBO - DECEMBRIE",2026-01-08,active,campaign,8888,247.88,25.72502685,4.67080846,12,1157.8,0.04897959,22.18761189,0.91132353,2.43465807,11423,1.2569757,"Website purchases",20.65666667,11172,272,680,,14,,2026-01-08,2026-01-08
"TURMIDENT - CBO - DECEMBRIE",2026-01-09,active,campaign,8399,245.12,27.10427755,3.2555483,7,798,0.035,24.15927459,1.07982379,2.23733491,10300,1.20800095,"Website purchases",35.01714286,10146,227,584,,8,,2026-01-09,2026-01-09
"TURMIDENT - CBO - DECEMBRIE",2026-01-05,active,campaign,14864,245.06,8.74648679,8.65543132,18,2121.1,0.06428571,13.77515458,0.75869969,1.81562676,17910,1.19685145,"Website purchases",13.61444444,17790,323,695,,20,,2026-01-05,2026-01-05
"EXFOLIANT CBO",2026-01-14,active,campaign,13574,244.77,30.02753207,4.83474282,11,1183.4,0.04977376,14.33835159,0.97130952,1.47618769,16668,1.25762487,"Website purchases",22.25181818,17071,252,431,,14,,2026-01-14,2026-01-14
"EXFOLIANT CBO",2026-01-18,active,campaign,25755,243.31,32.79074748,8.76951215,23,2133.71,0.07371795,8.68530021,0.68926346,1.26008424,27784,1.08771112,"Website purchases",10.57869565,28014,353,760,,27,,2026-01-18,2026-01-18
"NOVALIFT ABO 10.11 UGC NOU",2026-01-11,active,campaign,7684,230.37,22.10934825,6.96097582,16,1603.6,0.09195402,26.2949435,1.14044554,2.30567287,8788,1.14016137,"Website purchases",14.398125,8761,202,382,,16,,2026-01-11,2026-01-11
"EXFOLIANT CBO",2026-01-25,active,campaign,24474,227.7,28.56110456,6.58673693,15,1499.8,0.08287293,8.66075843,1.03031674,0.84059184,25900,1.07424205,"Website purchases",15.18,26291,221,486,,18,,2026-01-25,2026-01-25
"TURMIDENT ABO",2026-01-04,active,campaign,14666,223.8,,10.05183199,20,2249.6,0.06269592,11.94300656,0.6199446,1.92646353,18797,1.27771717,"Website purchases",11.19,18739,361,710,,22,,2026-01-04,2026-01-04
"NOVALIFT ABO 10.11 UGC NOU",2026-01-06,active,campaign,10535,218.4,20.35262861,3.80860806,8,831.8,0.03686636,17.58312535,0.853125,2.06102568,12477,1.17902231,"Website purchases",27.3,12421,256,516,,9,,2026-01-06,2026-01-06
"EXFOLIANT CBO",2026-01-26,active,campaign,22999,217.42,29.99523885,1.48008463,3,321.8,0.02,8.62640851,0.94121212,0.91652119,24641,1.09587373,"Website purchases",72.47333333,25204,231,503,,3,103.9,2026-01-26,2026-01-26
"Exfoliant | ABO | ALL | 25-jan-2026",2026-01-26,active,campaign,14926,216.84,29.53131941,2.55810736,5,554.7,0.04807692,12.04131497,1.39,0.86628165,16442,1.20648533,"Website purchases",43.368,18008,156,281,,6,,2026-01-26,2026-01-26
"NOVALIFT ABO 10.11 UGC NOU",2026-01-12,active,campaign,7902,216.79,19.90423332,2.32483048,6,504,0.03658537,23.59233867,1.11747423,2.11121994,9163,1.16287016,"Website purchases",36.13166667,9189,194,397,,8,,2026-01-12,2026-01-12
"NOVALIFT ABO 10.11 UGC NOU",2026-01-05,active,campaign,11774,216.13,20.70949883,5.46800537,13,1181.8,0.04710145,15.74373543,0.66913313,2.35285548,13678,1.16595889,"Website purchases",16.62538462,13728,323,684,,18,,2026-01-05,2026-01-05
"NOVALIFT ABO 10.11 UGC NOU",2026-01-04,active,campaign,13311,215.55,20.8240946,4.93017861,12,1062.7,0.03846154,13.27605322,0.59875,2.2172949,16241,1.21974307,"Website purchases",17.9625,16236,360,731,,17,,2026-01-04,2026-01-04
"NOVALIFT ABO 10.11 UGC NOU",2026-01-08,active,campaign,8698,215.37,21.87120292,3.05427868,7,657.8,0.03181818,21.80741191,0.8754878,2.490887,9762,1.13543343,"Website purchases",30.76714286,9876,246,479,,8,,2026-01-08,2026-01-08
"NOVALIFT ABO 10.11 UGC NOU",2026-01-07,active,campaign,9421,215.12,21.46358856,4.0256601,9,866,0.0375,19.17461449,0.7655516,2.50467956,11146,1.19085023,"Website purchases",23.90222222,11219,281,514,,13,,2026-01-07,2026-01-07
"NOVALIFT ABO 10.11 UGC NOU",2026-01-15,active,campaign,7076,214.08,19.83471074,5.36434978,11,1148.4,0.06321839,25.27508855,0.97309091,2.5974026,8482,1.19700396,"Website purchases",19.46181818,8470,220,377,,16,,2026-01-15,2026-01-15
"NOVALIFT ABO 10.11 UGC NOU",2026-01-10,active,campaign,7805,213.2,21.04338276,4.87523452,10,1039.4,0.0591716,23.41570566,1.10466321,2.11971444,9114,1.1665599,"Website purchases",21.32,9105,193,403,,10,,2026-01-10,2026-01-10
"NOVALIFT ABO 10.11 UGC NOU",2026-01-14,active,campaign,8068,211.94,18.2233337,4.81173917,10,1019.8,0.06329114,23.04447102,1.15814208,1.98977928,9004,1.13993555,"Website purchases",21.194,9197,183,329,,13,,2026-01-14,2026-01-14
"EXFOLIANT CBO",2026-01-22,active,campaign,20543,211.46,27.7806158,3.70680034,8,783.84,0.04494382,9.82027586,1.01177033,0.97060326,20987,1.0481916,"Website purchases",26.4325,21533,209,448,,9,,2026-01-22,2026-01-22
"NOVALIFT ABO 10.11 UGC NOU",2026-01-09,active,campaign,7326,211.23,20.16157359,2.92572078,7,618,0.04242424,24.7312961,1.08881443,2.27139679,8532,1.16584767,"Website purchases",30.17571429,8541,194,368,,10,,2026-01-09,2026-01-09
"NOVALIFT ABO 10.11 UGC NOU",2026-01-16,active,campaign,7398,210.41,17.99191375,2.23325888,5,469.9,0.02923977,23.63095238,1.05733668,2.23495058,8868,1.20356853,"Website purchases",42.082,8904,199,347,,7,,2026-01-16,2026-01-16
"NOVALIFT ABO 10.11 UGC NOU",2026-01-13,active,campaign,8255,208.87,20.37866906,2.25020348,5,470,0.03521127,23.40017925,1.26587879,1.84853238,8793,1.08128407,"Website purchases",41.774,8926,165,336,,6,,2026-01-13,2026-01-13
"TURMIDENT ABO",2026-01-08,active,campaign,9914,200.48,,3.51157223,6,704,0.03550296,16.9984738,1.04416667,1.62794641,11808,1.18963083,"Website purchases",33.41333333,11794,192,418,,7,,2026-01-08,2026-01-08
"EXFOLIANT CBO",2026-01-21,active,campaign,15018,199.66,28.96066926,5.64910348,12,1127.9,0.07894737,11.59937257,1.11541899,1.03991169,16842,1.14615794,"Website purchases",16.63833333,17213,179,398,,13,,2026-01-21,2026-01-21
"TURMIDENT ABO",2026-01-06,active,campaign,8932,199.4,,3.6554664,6,728.9,0.03896104,17.84020757,1.12655367,1.5836092,11194,1.25134348,"Website purchases",33.23333333,11177,177,383,,7,,2026-01-06,2026-01-06
"EXFOLIANT CBO",2026-01-19,active,campaign,18531,197.96,30.38472892,6.49929279,13,1286.6,0.06666667,9.73925022,0.87207048,1.11679622,19927,1.09686471,"Website purchases",15.22769231,20326,227,496,,17,,2026-01-19,2026-01-19
"TURMIDENT ABO",2026-01-07,active,campaign,11411,196.64,,4.26484947,8,838.64,0.05,14.10718129,1.17047619,1.20525145,13971,1.22154062,"Website purchases",24.58,13939,168,379,,8,,2026-01-07,2026-01-07
"TURMIDENT ABO",2026-01-09,active,campaign,6901,194.34,,2.97880004,6,578.9,0.05309735,22.80450598,1.63310924,1.39638582,8536,1.23489349,"Website purchases",32.39,8522,119,265,,6,,2026-01-09,2026-01-09
"EXFOLIANT CBO",2026-01-20,active,campaign,19675,192.36,29.00346325,6.56321481,12,1262.5,0.06666667,9.38295693,0.916,1.02434028,20034,1.04198221,"Website purchases",16.03,20501,210,435,,14,,2026-01-20,2026-01-20
"EXFOLIANT CBO",2026-01-17,active,campaign,19925,190.19,29.39686208,6.97881066,12,1327.3,0.05429864,8.45326459,0.715,1.18227477,22024,1.12918444,"Website purchases",15.84916667,22499,266,501,,14,,2026-01-17,2026-01-17
"TURMIDENT ABO",2026-01-05,active,campaign,9004,189.82,,6.57833737,11,1248.7,0.05445545,16.64065924,0.8289083,2.00753923,11437,1.26688139,"Website purchases",17.25636364,11407,229,439,,14,,2026-01-05,2026-01-05
"EXFOLIANT CBO",2026-01-16,active,campaign,18510,185.71,28.80512771,7.94087556,15,1474.7,0.06756757,8.88309576,0.70344697,1.26279537,20366,1.12944354,"Website purchases",12.38066667,20906,264,466,,19,,2026-01-16,2026-01-16
"EXFOLIANT CBO",2026-01-15,active,campaign,14163,179.33,28.08531324,4.52740757,8,811.9,0.04878049,10.89688279,0.99077348,1.09983594,16183,1.16197133,"Website purchases",22.41625,16457,181,333,,10,,2026-01-15,2026-01-15
"EXFOLIANT CBO",2026-01-24,active,campaign,17179,178,26.31133672,6.11685393,11,1088.8,0.07482993,10.03948111,0.98888889,1.01522843,17381,1.03207404,"Website purchases",16.18181818,17730,180,337,,11,,2026-01-24,2026-01-24
"EXFOLIANT CBO",2026-01-23,active,campaign,14533,177.17,28.48013161,5.72275216,11,1013.9,0.06962025,11.21045305,1.02410405,1.09465958,15422,1.08745613,"Website purchases",16.10636364,15804,173,350,,12,,2026-01-23,2026-01-23
"TURMIDENT - CBO - DECEMBRIE",2026-01-10,active,campaign,5328,158.8,18.00979895,6.21284635,8,986.6,0.06557377,26.82885623,1.19398496,2.24700118,5985,1.11092342,"Website purchases",19.85,5919,133,312,,10,,2026-01-10,2026-01-10
"ODORSTOP ABO",2026-01-12,active,campaign,7764,150.75,16.05613456,1.6053068,3,242,0.03296703,15.55567021,1.4088785,1.10411722,9518,1.24819681,"Website purchases",50.25,9691,107,209,,5,,2026-01-12,2026-01-12
"Exfoliant | ABO | ALL | 25-jan-2026",2026-01-27,active,campaign,10250,147.26,30.58506007,2.95939155,4,435.8,0.03508772,12.82082535,0.87654762,1.46265018,10108,1.12058537,"Website purchases",36.815,11486,168,238,,4,435.8,2026-01-27,2026-01-27
"EXFOLIANT CBO",2026-01-27,active,campaign,10778,136.32,27.84638809,3.41769366,4,465.9,0.04938272,11.53104382,1.1853913,0.97276265,11352,1.09686398,"Website purchases",34.08,11822,115,234,,5,549.9,2026-01-27,2026-01-27
"TURMIDENT ABO",2026-01-10,active,campaign,4379,118.7,,7.05644482,7,837.6,0.10144928,24.19486343,1.50253165,1.61027313,4920,1.12034711,"Website purchases",16.95714286,4906,79,169,,8,,2026-01-10,2026-01-10
"New Engagement campaign",2026-01-18,active,campaign,1014,12.71,,,,,,10.6182122,6.355,0.16708438,1199,1.18047337,"Facebook likes",0.84733333,1197,2,23,,,,2026-01-18,2026-01-18
"New Engagement campaign",2026-01-04,active,campaign,1420,11.92,,,,,,7.04491726,11.92,0.05910165,1693,1.1915493,"Facebook likes",1.192,1692,1,17,,,,2026-01-04,2026-01-04
"New Engagement campaign",2026-01-11,active,campaign,1189,11.48,,,,,,7.57755776,11.48,0.0660066,1516,1.27417998,"Facebook likes",0.82,1515,1,21,,,,2026-01-11,2026-01-11
"New Engagement campaign",2026-01-25,active,campaign,788,11.1,,,,,,11.87165775,11.1,0.10695187,937,1.18654822,"Facebook likes",1.00909091,935,1,21,,,,2026-01-25,2026-01-25
"New Engagement campaign",2026-01-26,active,campaign,654,10.79,,,,,,13.3539604,,,809,1.23547401,"Facebook likes",1.34875,808,,13,,,,2026-01-26,2026-01-26
"New Engagement campaign",2026-01-14,active,campaign,634,10.76,,,,,,14.5799458,,,738,1.16403785,"Facebook likes",1.345,738,,12,,,,2026-01-14,2026-01-14
"New Engagement campaign",2026-01-22,active,campaign,497,10.72,,,,,,18.13874788,,,591,1.18913481,"Facebook likes",1.53142857,591,,10,,,,2026-01-22,2026-01-22
"New Engagement campaign",2026-01-08,active,campaign,840,10.72,,,,,,10.56157635,10.72,0.09852217,1014,1.20833333,"Facebook likes",1.072,1015,1,13,,,,2026-01-08,2026-01-08
"New Engagement campaign",2026-01-13,active,campaign,794,10.68,,,,,,10.94262295,,,978,1.22921914,"Facebook likes",0.82153846,976,,19,,,,2026-01-13,2026-01-13
"New Engagement campaign",2026-01-12,active,campaign,898,10.46,,,,,,9.77570093,,,1070,1.19153675,"Facebook likes",1.16222222,1070,,22,,,,2026-01-12,2026-01-12
"New Engagement campaign",2026-01-21,active,campaign,534,10.42,,,,,,16.15503876,5.21,0.31007752,645,1.20786517,"Facebook likes",0.74428571,645,2,22,,,,2026-01-21,2026-01-21
"New Engagement campaign",2026-01-19,active,campaign,657,10.11,,,,,,12.92838875,3.37,0.38363171,783,1.19025875,"Facebook likes",1.011,782,3,15,,,,2026-01-19,2026-01-19
"New Engagement campaign",2026-01-05,active,campaign,971,10.08,,,,,,8.16194332,10.08,0.08097166,1235,1.27188465,"Facebook likes",0.91636364,1235,1,20,,,,2026-01-05,2026-01-05
"New Engagement campaign",2026-01-06,active,campaign,912,9.89,,,,,,8.40986395,9.89,0.08503401,1176,1.28947368,"Facebook likes",0.989,1176,1,24,,,,2026-01-06,2026-01-06
"New Engagement campaign",2026-01-20,active,campaign,584,9.68,,,,,,14.2143906,,,681,1.16609589,"Facebook likes",1.61333333,681,,16,,,,2026-01-20,2026-01-20
"New Engagement campaign",2026-01-01,active,campaign,1604,9.57,,,,,,5.16738661,3.19,0.16198704,1849,1.15461347,"Facebook likes",0.73615385,1852,3,22,,,,2026-01-01,2026-01-01
"New Engagement campaign",2026-01-16,active,campaign,645,9.4,,,,,,11.88369153,9.4,0.12642225,793,1.22635659,"Facebook likes",2.35,791,1,16,,,,2026-01-16,2026-01-16
"New Engagement campaign",2026-01-07,active,campaign,858,9.39,,,,,,8.67837338,9.39,0.09242144,1084,1.26107226,"Facebook likes",1.565,1082,1,10,,,,2026-01-07,2026-01-07
"New Engagement campaign",2026-01-09,active,campaign,714,9.29,,,,,,10.90375587,,,853,1.19327731,"Facebook likes",1.858,852,,14,,,,2026-01-09,2026-01-09
"New Engagement campaign",2026-01-23,active,campaign,455,9.25,,,,,,19.27083333,4.625,0.41666667,481,1.05494505,"Facebook likes",1.54166667,480,2,10,,,,2026-01-23,2026-01-23
"New Engagement campaign",2026-01-03,active,campaign,1095,9.14,,,,,,6.84644195,4.57,0.14981273,1335,1.21917808,"Facebook likes",0.83090909,1335,2,20,,,,2026-01-03,2026-01-03
"New Engagement campaign",2026-01-17,active,campaign,720,8.91,,,,,,11.55642023,2.97,0.38910506,772,1.07083333,"Facebook likes",0.63642857,771,3,20,,,,2026-01-17,2026-01-17
"New Engagement campaign",2026-01-10,active,campaign,672,8.67,,,,,,10.6773399,,,812,1.20833333,"Facebook likes",0.96333333,812,,14,,,,2026-01-10,2026-01-10
"New Engagement campaign",2026-01-02,active,campaign,1328,8.29,,,,,,5.06723716,,,1638,1.23192771,"Facebook likes",1.18428571,1636,,15,,,,2026-01-02,2026-01-02
"New Engagement campaign",2026-01-15,active,campaign,485,8.28,,,,,,13.10126582,8.28,0.15822785,632,1.30309278,"Facebook likes",1.18285714,632,1,11,,,,2026-01-15,2026-01-15
"New Engagement campaign",2026-01-27,active,campaign,412,7.78,,,,,,16.14107884,2.59333333,0.62240664,480,1.16990291,"Facebook likes",1.11142857,482,3,15,,,,2026-01-27,2026-01-27
"New Engagement campaign",2026-01-24,active,campaign,356,7.09,,,,,,17.725,,,400,1.12359551,"Facebook likes",1.418,400,,7,,,,2026-01-24,2026-01-24
"ODORSTOP ABO",2026-01-17,active,campaign,0,0,,,1,64,,,,,0,0,"Website purchases",0,0,,0,,1,,2026-01-17,2026-01-17
"TURMIDENT - CBO - DECEMBRIE",2026-01-15,active,campaign,0,0,,,1,74,,,,,0,0,"Website purchases",0,0,,0,,1,,2026-01-15,2026-01-15
